事件序号（顺序保留非当前快照）,教学记录ID,阶段,对象,依据,值或决定,负责人角色,状态,下一动作
1,TK-C12-01,原材料,A-17,财务表v1第2页,当期收入1200万元,资料接收人员,历史保留,核对替代关系
2,TK-C12-01,更正材料,A-17,财务表v2第2页及申请方确认函,当期收入900万元,资料接收人员,已确认替代,告知工程和复核人员
3,TK-C12-01,旧摘要,S1,财务表v1第2页,收入增长20%,复核人员,待更正且停止新使用,查出已使用范围
4,TK-C12-01,旧决定,J1,S1,进入收入增长资料常规复核队列,核保负责人,待重审,找依赖摘要和取件规则
5,TK-C12-01,工程修复,取件规则,确认替代关系,改取已确认替代的同期间文件,工程人员,修复并验证,重跑且测试缺确认和其他期间附件
6,TK-C12-01,新摘要,S2,财务表v2第2页,收入下降10%,复核人员,引用及计算已核实,提交J2
7,TK-C12-01,新决定,J2,S2,核对收入变化原因而不作承保结论,核保负责人,已接收,按完整材料继续业务
8,TK-C12-01,外部影响,A-17,本例范围核查,未形成对外报价,核保负责人,已核实,保留J1与S1历史
9,TK-C12-01,旧决定终态,J1,已核实S2且J2已接收,J1被J2替代；原决定保留可追溯,核保负责人,已被替代，不得作为当前决定,按J2继续业务并保留旧事件
