case_id,synthetic,category,input,expected,actual_observation
RPLAY-01,True,readable,外壳型号可辨,employee_confirm,not_run
RPLAY-02,True,readable,外壳型号可辨,employee_confirm,not_run
RPLAY-03,True,readable,外壳型号可辨,employee_confirm,not_run
RPLAY-04,True,readable,外壳型号可辨,employee_confirm,not_run
RPLAY-05,True,readable,外壳型号可辨,employee_confirm,not_run
RPLAY-06,True,readable,外壳型号可辨,employee_confirm,not_run
RPLAY-07,True,readable,外壳型号可辨,employee_confirm,not_run
RPLAY-08,True,readable,外壳型号可辨,employee_confirm,not_run
RPLAY-09,True,readable,外壳型号可辨,employee_confirm,not_run
RPLAY-10,True,readable,外壳型号可辨,employee_confirm,not_run
RPLAY-11,True,readable,外壳型号可辨,employee_confirm,not_run
RPLAY-12,True,readable,外壳型号可辨,employee_confirm,not_run
RPLAY-13,True,unreadable,照片无型号或不可辨,manual_followup,not_run
RPLAY-14,True,unreadable,照片无型号或不可辨,manual_followup,not_run
RPLAY-15,True,unreadable,照片无型号或不可辨,manual_followup,not_run
RPLAY-16,True,unreadable,照片无型号或不可辨,manual_followup,not_run
RPLAY-17,True,unreadable,照片无型号或不可辨,manual_followup,not_run
RPLAY-18,True,unreadable,照片无型号或不可辨,manual_followup,not_run
RPLAY-19,True,outside_scope,需要拆机取型号,exit_no_disassembly,not_run
RPLAY-20,True,outside_scope,需要拆机取型号,exit_no_disassembly,not_run
